{"alwaysOnTop":false,"backgroundColor":null,"basicAuthPassword":null,"basicAuthUsername":null,"bounce":false,"clearCache":false,"counter":false,"darwinDarkModeSupport":false,"disableContextMenu":true,"disableDevTools":true,"disableGpu":false,"diskCacheSize":null,"enableEs3Apis":false,"fastQuit":false,"flashPluginDir":null,"fullScreen":false,"globalShortcuts":null,"height":768,"ignoreCertificate":false,"ignoreGpuBlacklist":false,"insecure":false,"internalUrls":null,"blockExternalUrls":false,"maximize":false,"name":"EBA-Ogrenci","nativefierVersion":"10.1.0","proxyRules":null,"showMenuBar":false,"singleInstance":false,"targetUrl":"https://giris.eba.gov.tr/EBA_GIRIS/student.jsp","titleBarStyle":null,"tray":false,"userAgent":"Mozilla/5.0 (Windows NT 10.0; Win64; x64) AppleWebKit/537.36 (KHTML, like Gecko) Chrome/85.0.4183.87 Safari/537.36","width":1024,"win32metadata":{"ProductName":"EBA-Ogrenci","InternalName":"EBA-Ogrenci","FileDescription":"EBA-Ogrenci"},"zoom":1}